CUV|Posición|Nombre Producto|Descripcion1|Descripcion2|Descripcion3|Marca Producto
95266|1|+ PERFUME MAGNAT SELECT|Magnat Select Cologne Atomiseur 90ml. Maderosa activa|||ésika
95266|2|+ DESODORANTE KALOS SPORT |Kalos sport desodorant roll-on 50 ml|||ésika
95266|3|+ BOLSA DE REGALO LBEL|Bolsa de regalo L'Bel (imagen referencial) |||L'BEL
95068|1|+ PERFUME IN LOVE|In love Eau De Parfum 50ml|||cy°zone
95068|2|+ MÁSCARA 5 EN 1 ESIKA PRO 8.5GR/ 29 OZ.|La máscara 5 en 1 repara las cutículas y acondiciona las pestañas gracias a sus óleos naturales.|||ésika
95248|1|+ SOMBRAS TWELVE O'CLOCK|Sombras cyº twelve o’clock. Doce tonos. infinitas posibilidades de resaltar tu mirada. 10 Gr/ 35 Oz.|||cy°zone
95248|2|+ MÁSCARA 5 EN 1 ESIKA PRO 8.5GR/ 29 OZ.|La máscara 5 en 1 repara las cutículas y acondiciona las pestañas gracias a sus óleos naturales.|||ésika
95052|1|+ PERFUME BLUE&BLUE FOR HER|Blue & blue for her Eau De Parfum for her 75ml|||cy°zone
95052|2|+ MÁSCARA 5 EN 1 ESIKA PRO 8.5GR/ 29 OZ.|La máscara 5 en 1 repara las cutículas y acondiciona las pestañas gracias a sus óleos naturales.|||ésika
95191|1|+ MÁSCARA 5 EN 1 ESIKA PRO 8.5GR/ 29 OZ.|La máscara 5 en 1 repara las cutículas y acondiciona las pestañas gracias a sus óleos naturales.|||ésika
95191|2|+ LABIAL PERFECT MATCH VOLUMEN TONO VINO CALIENTE|Perfect Match volumen labial fps20 + delineador para máximo volumen líquido 3ml|||ésika
95191|3|+ BOLSA DE REGALO LBEL|Bolsa de regalo L'Bel (imagen referencial) |||L'BEL
95263|1|+ PERFUME MAGNAT SELECT|Magnat Select Cologne Atomiseur 90ml. Maderosa activa|||ésika
95263|2|+ DESODORANTE FIORI|Fiori desodorante roll-on 50ml|||ésika
95263|3|+ BOLSA DE REGALO LBEL|Bolsa de regalo L'Bel (imagen referencial) |||L'BEL
95241|1|+ PERFUME EXPRESSION|Expression Eau De Parfum Atomiseur 50ml|||ésika
95241|2|+ PERFUME SALVAJE|Salvaje Cologne Atomiseur 100ml|||ésika
95010|1|+ COLONIA YOU|You Eau De Toilette Atomiseur 100ml|||ésika
95010|2|+ PERFUME SALVAJE|Salvaje Cologne Atomiseur 100ml|||ésika
95262|1|+ PERFUME MAGNAT SELECT|Magnat Select Cologne Atomiseur 90ml. Maderosa activa|||ésika
95262|2|+ PERFUME SALVAJE|Salvaje Cologne Atomiseur 100ml|||ésika
95240|1|+ PERFUME EXPRESSION|Expression Eau De Parfum Atomiseur 50ml|||ésika
95240|2|+ COLONIA PRINTS|Prints colonia spray femenina 30ml|||cy°zone
95009|1|+ COLONIA YOU|You Eau De Toilette Atomiseur 100ml|||ésika
95009|2|+ COLONIA PRINTS|Prints colonia spray femenina 30ml|||cy°zone
95238|1|+ PERFUME EXPRESSION|Expression Eau De Parfum Atomiseur 50ml|||ésika
95238|2|+ LABIAL HIDRACOLOR 3 EN 1 TONO PIMIENTA CALIENTE|Hidracolor 3 en 1 labial de hidratación. color y efecto perfeccionador fps25 4 g|||ésika
95238|3|+ BOLSA DE REGALO LBEL|Bolsa de regalo L'Bel (imagen referencial) |||L'BEL
95261|1|+ PERFUME MAGNAT SELECT|Magnat Select Cologne Atomiseur 90ml. Maderosa activa|||ésika
95261|2|+ COLONIA PRINTS|Prints colonia spray femenina 30ml|||cy°zone
95034|1|+ PERFUME FIORI|Fiori Eau De Parfum Atomiseur 50ml|||ésika
95034|2|+ PERFUME EXPRESSION|Expression Eau De Parfum Atomiseur 50ml|||ésika
95032|1|+ PERFUME FIORI|Fiori Eau De Parfum Atomiseur 50ml|||ésika
95032|2|+ COLONIA YOU|You Eau De Toilette Atomiseur 100ml|||ésika
95260|1|+ PERFUME MAGNAT SELECT|Magnat Select Cologne Atomiseur 90ml. Maderosa activa|||ésika
95260|2|+ PERFUME FIORI|Fiori Eau De Parfum Atomiseur 50ml|||ésika
95149|1|+ PERFUME D'ORSAY|D´orsay Cologne Atomiseur 100ml|||ésika
95149|2|+ COLONIA MINI CHICS RUBI|Rubi divine colonia con chispeant estrellas 120ml|||ésika
95095|1|+ PERFUME KALOS SPORT|Kalos sport Cologne Atomiseur 100ml|||ésika
95095|2|+ COLONIA COLONIA FRESHING ITRO|Freshing colonia cítrica 1 litro|||ésika
95259|1|+ PERFUME MAGNAT SELECT|Magnat Select Cologne Atomiseur 90ml. Maderosa activa|||ésika
95259|2|+ TALCO SALVAJE|Salvaje talcos perfumados 140g|||ésika
95259|3|+ BOLSA DE REGALO LBEL|Bolsa de regalo L'Bel (imagen referencial) |||L'BEL
95239|1|+ PERFUME EXPRESSION|Expression Eau De Parfum Atomiseur 50ml|||ésika
95239|2|+ LABIAL STUDIO LOOK TONO WINE|Color intenso que se queda en tus labios. De acabado mate y larga duración. 6 ml.|||cy°zone
95012|1|+ COLONIA YOU|You Eau De Toilette Atomiseur 100ml|||ésika
95012|2|+ LABIAL STUDIO LOOK TONO WINE|Color intenso que se queda en tus labios. De acabado mate y larga duración. 6 ml.|||cy°zone
95074|1|+ PERFUME IN LOVE|In love Eau De Parfum 50ml|||cy°zone
95074|2|+ LABIAL STUDIO LOOK TONO WINE|Color intenso que se queda en tus labios. De acabado mate y larga duración. 6 ml.|||cy°zone
95013|1|+ COLONIA YOU|You Eau De Toilette Atomiseur 100ml|||ésika
95013|2|+ LABIAL HIDRACOLOR 3 EN 1 TONO PIMIENTA CALIENTE|Hidracolor 3 en 1 labial de hidratación. color y efecto perfeccionador fps25 4 g|||ésika
95013|3|+ BOLSA DE REGALO LBEL|Bolsa de regalo L'Bel (imagen referencial) |||L'BEL
95258|1|+ PERFUME MAGNAT SELECT|Magnat Select Cologne Atomiseur 90ml. Maderosa activa|||ésika
95258|2|+ TALCO KALOS SPORT|Kalos sport talcos perfumados 140g|||ésika
95258|3|+ BOLSA DE REGALO LBEL|Bolsa de regalo L'Bel (imagen referencial) |||L'BEL
08264|1|+ 2 PERFUMES EXPRESSION|Expression Eau De Parfum Atomiseur 50ml|||ésika
95236|1|+ 3 PERFUMES EXPRESSION|Expression Eau De Parfum Atomiseur 50ml|||ésika
95008|1|+ 2 COLONIAS YOU|You Eau De Toilette Atomiseur 100ml|||ésika
95006|1|+ 3 COLONIAS YOU|You Eau De Toilette Atomiseur 100ml|||ésika
95254|1|+ 2 PERFUMES MAGNAT SELECT|Magnat Select Cologne Atomiseur 90ml. Maderosa activa|||ésika
95221|1|+ PERFUME LEYENDA|Leyenda Cologne Atomiseur 100ml|||ésika
95221|2|+ PERFUME LEYENDA MINI|Leyenda mini cologne atomiseur 10 ml|||ésika
95221|3|+ GRATIS: BOLSA DE REGALO LBEL|Bolsa de regalo L'Bel (imagen referencial) |||L'BEL
95204|1|+ PERFUME MAGNAT|Magnat Cologne Atomiseur 90ml|||ésika
95204|2|+ DESODORANTE KALOS SPORT |Kalos sport desodorant roll-on 50 ml|||ésika
95204|3|+ GRATIS: BOLSA DE REGALO LBEL|Bolsa de regalo L'Bel (imagen referencial) |||L'BEL
95268|1|+ PERFUME FEMME MAGNAT|Perfume Elegante Maderosa  Exclusivas notas de amaretto de Italia con acordes maderosos y frutales. 45 ml. |||ésika
95268|2|+ LABIAL HIDRACOLOR 3 EN 1 TONO PIMIENTA CALIENTE|Hidracolor 3 en 1 labial de hidratación. color y efecto perfeccionador fps25 4 g|||ésika
95268|3|+ DESODORANTE PULSO |Pulso Roll-on 50 ml|||ésika
95268|4|+ GRATIS: BOLSA DE REGALO LBEL|Bolsa de regalo L'Bel (imagen referencial) |||L'BEL
95279|1|+ PERFUME SWEET BLACK|sweet black familia olfativa: dulce eau de parfum 50 ml / 1.6 fl. oz. |||cy°zone
95279|2|+ LABIAL STUDIO LOOK TONO WINE|Color intenso que se queda en tus labios. De acabado mate y larga duración. 6 ml.|||cy°zone
95265|1|+ PERFUME MAGNAT SELECT|Magnat Select Cologne Atomiseur 90ml. Maderosa activa|||ésika
95265|2|+ LABIAL HIDRACOLOR 3 EN 1 TONO PIMIENTA CALIENTE|Hidracolor 3 en 1 labial de hidratación. color y efecto perfeccionador fps25 4 g|||ésika
95265|3|+ BOLSA DE REGALO LBEL|Bolsa de regalo L'Bel (imagen referencial) |||L'BEL
95273|1|+ PERFUME KADIA SPORT|Fragancia Kadia Sport 45 ml|||ésika
95273|2|+ LABIAL PERFECT MATCH VOLUMEN TONO VINO CALIENTE|Perfect Match volumen labial fps20 + delineador para máximo volumen líquido 3ml|||ésika
95272|1|+ DOCETETO DE SOMBRAS HD|Doceteto de sombras Ésika Pro 7 g / .24 oz|||ésika
95272|2|+ MÁSCARA 5 EN 1 ESIKA PRO 8.5GR/ 29 OZ.|La máscara 5 en 1 repara las cutículas y acondiciona las pestañas gracias a sus óleos naturales.|||ésika
95272|3|+ GRATIS: BOLSA DE REGALO LBEL|Bolsa de regalo L'Bel (imagen referencial) |||L'BEL
95229|1|+ LABIAL EN BARRA ROUGE L'INTENSE TONO VIN INTENSE|Labial líquido que le da a tus labios un color Intenso y textura aterciopelada. 7 g e .24 oz.|||L'BEL
95229|2|+ MÁSCARA 5 EN 1 ESIKA PRO 8.5GR/ 29 OZ.|La máscara 5 en 1 repara las cutículas y acondiciona las pestañas gracias a sus óleos naturales.|||ésika
95229|3|+ GRATIS: BOLSA DE REGALO ÉSIKA|Bolsa de regalo ésika (imagen referencial) |||ésika
95129|1|+ PERFUME D'ORSAY|D´orsay Cologne Atomiseur 100ml|||ésika
95129|2|+ PERFUME KALOS SPORT|Kalos sport Cologne Atomiseur 100ml|||ésika
95085|1|+ PERFUME KALOS SPORT|Kalos sport Cologne Atomiseur 100ml|||ésika
95085|2|+ PERFUME EROS|Eros Cologne Atomiseur 100ml|||ésika
95054|1|+ PERFUME BLUE&BLUE FOR HER|Blue & blue for her Eau De Parfum for her 75ml|||cy°zone
95054|2|+ LABIAL STUDIO LOOK TONO WINE|Color intenso que se queda en tus labios. De acabado mate y larga duración. 6 ml.|||cy°zone
95140|1|+ PERFUME D'ORSAY|D´orsay Cologne Atomiseur 100ml|||ésika
95140|2|+ PERFUME DANCING NIGHT|Dancing night Eau De Parfum 100ml|||cy°zone
95001|1|+ PERFUME EROS|Eros Cologne Atomiseur 100ml|||ésika
95001|2|+ PERFUME DANCING NIGHT|Dancing night Eau De Parfum 100ml|||cy°zone
95000|1|+ PERFUME EROS|Eros Cologne Atomiseur 100ml|||ésika
95000|2|+ PERFUME NITRO|Nitro Eau De Toilette 100ml|||cy°zone
95078|1|+ PERFUME IN LOVE|In love Eau De Parfum 50ml|||cy°zone
95078|2|+ LABIAL HIDRACOLOR 3 EN 1 TONO PIMIENTA CALIENTE|Hidracolor 3 en 1 labial de hidratación. color y efecto perfeccionador fps25 4 g|||ésika
95237|1|+ PERFUME EXPRESSION|Expression Eau De Parfum Atomiseur 50ml|||ésika
95237|2|+ GRATIS: BOLSA DE REGALO LBEL|Bolsa de regalo L'Bel (imagen referencial) |||L'BEL
11370|1|+ COLONIA YOU|You Eau De Toilette Atomiseur 100ml|||ésika
11370|2|+ GRATIS: BOLSA DE REGALO LBEL|Bolsa de regalo L'Bel (imagen referencial) |||L'BEL
95255|1|+ PERFUME MAGNAT SELECT|Magnat Select Cologne Atomiseur 90ml. Maderosa activa|||ésika
95253|1|+ 3 PERFUMES MAGNAT SELECT|Magnat Select Cologne Atomiseur 90ml. Maderosa activa|||ésika
95257|1|+ PERFUME MAGNAT SELECT|Magnat Select Cologne Atomiseur 90ml. Maderosa activa|||ésika
95257|2|+ DESMAQUILLADOR BIFÁSICO|Essential loción demaquilladora hidratante para ojos y rostro 125ml|||L'BEL
95270|1|+ DOCETETO DE SOMBRAS HD|Doceteto de sombras Ésika Pro 7 g / .24 oz|||ésika
95270|2|+ DELINEADOR LINE 4 EVER PLUMÓN|Delineador para ojos punta  pincel / plumón 3 ml / .10 fl. oz.c/u |||cy°zone
95270|3|+ BOLSA DE REGALO LBEL|Bolsa de regalo L'Bel (imagen referencial) |||L'BEL
95269|1|+ DOCETETO DE SOMBRAS HD|Doceteto de sombras Ésika Pro 7 g / .24 oz|||ésika
95235|1|+ 3 MÁSCARAS FULL SIZE APA TONO NEGRO|Máscara mega full size para pestañas visiblemente más largas y ligeras a prueba de agua 8 g|||ésika
95090|1|+ PERFUME KALOS SPORT|Kalos sport Cologne Atomiseur 100ml|||ésika
95090|2|+ COLONIA MISS SEXY|Miss sexy colonia refrescante con brillo 200ml|||cy°zone
14096|1|+ 2 MÁSCARAS 5 EN 1 ESIKA PRO 8.5GR/ 29 OZ.|La máscara 5 en 1 repara las cutículas y acondiciona las pestañas gracias a sus óleos naturales.|||ésika
14096|2|+ BOLSA DE REGALO LBEL|Bolsa de regalo L'Bel (imagen referencial) |||L'BEL
95088|1|+ PERFUME KALOS SPORT|Kalos sport Cologne Atomiseur 100ml|||ésika
95088|2|+ PERFUME IN LOVE|In love Eau De Parfum 50ml|||cy°zone
95267|1|+ PERFUME MAGNAT SELECT|Magnat Select Cologne Atomiseur 90ml. Maderosa activa|||ésika
95267|2|+ LABIAL STUDIO LOOK TONO WINE|Color intenso que se queda en tus labios. De acabado mate y larga duración. 6 ml.|||cy°zone
95256|1|+ PERFUME MAGNAT SELECT|Magnat Select Cologne Atomiseur 90ml. Maderosa activa|||ésika
95256|2|+ LABIAL COLOR CODE TONO BLACK|Color code labial en barra con sabor y aroma 4 g|||cy°zone
95154|1|+ PERFUME DANCING NIGHT|Dancing night Eau De Parfum 100ml|||cy°zone
95154|2|+ COLONIA MISS SEXY|Miss sexy colonia refrescante con brillo 200ml|||cy°zone
95070|1|+ PERFUME IN LOVE|In love Eau De Parfum 50ml|||cy°zone
95070|2|+ PERFUME DANCING NIGHT|Dancing night Eau De Parfum 100ml|||cy°zone
95016|1|+ PERFUME NITRO|Nitro Eau De Toilette 100ml|||cy°zone
95016|2|+ PERFUME IN LOVE|In love Eau De Parfum 50ml|||cy°zone
95285|1|+ 3 COLONIAS MISS SEXY|Miss sexy colonia refrescante con brillo 200ml|||cy°zone
95064|1|+ 2 PERFUMES IN LOVE|In love Eau De Parfum 50ml|||cy°zone
95066|1|+ 3 PERFUMES IN LOVE|In love Eau De Parfum 50ml|||cy°zone
95249|1|+ SOMBRAS TWELVE O'CLOCK|Sombras cyº twelve o’clock. Doce tonos. infinitas posibilidades de resaltar tu mirada. 10 Gr/ 35 Oz.|||cy°zone
95249|2|+ PERFUME BLUE&BLUE FOR HER|Blue & blue for her Eau De Parfum for her 75ml|||cy°zone
95190|1|+ 3 MÁSCARAS 5 EN 1 ESIKA PRO 8.5GR/ 29 OZ.|La máscara 5 en 1 repara las cutículas y acondiciona las pestañas gracias a sus óleos naturales.|||ésika
95250|1|+ SOMBRAS TWELVE O'CLOCK|Sombras cyº twelve o’clock. Doce tonos. infinitas posibilidades de resaltar tu mirada. 10 Gr/ 35 Oz.|||cy°zone
95250|2|+ PERFUME GIRLINK|Girlink Eau De Parfum 50ml|||cy°zone
95051|1|+ 2 PERFUMES BLUE&BLUE FOR HER|Blue & blue for her Eau De Parfum for her 75ml|||cy°zone
95271|1|+ DOCETETO DE SOMBRAS HD|Doceteto de sombras Ésika Pro 7 g / .24 oz|||ésika
95271|2|+ PERFUME GIRLINK|Girlink Eau De Parfum 50ml|||cy°zone
95211|1|+ STUDIO LOOK POLVOS TONO MEDIUM 1|Studio look polvos compactos de alta cobertura con fps20+ 7 g|||cy°zone
95214|1|+ STUDIO LOOK BASE R TONO MEDIUM 1|Studio look base de alta cobertura para el rostro fps20 + 30 g|||cy°zone
95214|2|+ STUDIO LOOK POLVOS TONO MEDIUM 1|Studio look polvos compactos de alta cobertura con fps20+ 7 g|||cy°zone
95212|1|+ STUDIO LOOK POLVOS TONO MEDIUM 1|Studio look polvos compactos de alta cobertura con fps20+ 7 g|||cy°zone
95212|2|+ LABIAL COSMIC LIPS|Cosmic lips brillo con efecto tornasol para labios 4 g|||cy°zone
95004|1|+ PERFUME EROS|Eros Cologne Atomiseur 100ml|||ésika
95004|2|+ COLONIA MINI CHICS RUBI|Rubi divine colonia con chispeant estrellas 120ml|||ésika
95076|1|+ PERFUME IN LOVE|In love Eau De Parfum 50ml|||cy°zone
95076|2|+ COLONIA MINI CHICS RUBI|Rubi divine colonia con chispeant estrellas 120ml|||ésika
95056|1|+ PERFUME BLUE&BLUE FOR HER|Blue & blue for her Eau De Parfum for her 75ml|||cy°zone
95056|2|+ COLONIA MINI CHICS RUBI|Rubi divine colonia con chispeant estrellas 120ml|||ésika
95018|1|+ PERFUME NITRO|Nitro Eau De Toilette 100ml|||cy°zone
95018|2|+ PERFUME BLUE&BLUE FOR HER|Blue & blue for her Eau De Parfum for her 75ml|||cy°zone
95242|1|+ PERFUME EXPRESSION|Expression Eau De Parfum Atomiseur 50ml|||ésika
95242|2|+ MÁSCARA 5 EN 1 ESIKA PRO 8.5GR/ 29 OZ.|La máscara 5 en 1 repara las cutículas y acondiciona las pestañas gracias a sus óleos naturales.|||ésika
95280|1|+ PERFUME CARDIGAN|Cardigan Cologne Atomiseur 100ml|||ésika
95280|2|+ PERFUME BLUE&BLUE FOR HER|Blue & blue for her Eau De Parfum for her 75ml|||cy°zone
95044|1|+ PERFUME BLUE&BLUE FOR HIM|Blue&Blue for him Eau De Toilette Eau De Toilette 75ml|||cy°zone
95044|2|+ COLONIA MISS SEXY|Miss sexy colonia refrescante con brillo 200ml|||cy°zone
95252|1|+ PERFUME VANILLA SCENT|Vanilla scent Eau De Parfum Atomiseur 50ml|||ésika
95252|2|+ LABIAL MAD 4 COLOR|Labial de 4 gr. Llena tus labios de color y actitud con el labial mad 4 color y robarás más de una mirada!|||cy°zone
95049|1|+ PERFUME BLUE&BLUE FOR HIM|Blue&Blue for him Eau De Toilette Eau De Toilette 75ml|||cy°zone
95049|2|+ PERFUME DANCING|Dancing Eau De Parfum 100ml|||cy°zone
95002|1|+ PERFUME EROS|Eros Cologne Atomiseur 100ml|||ésika
95002|2|+ COLONIA COMANDO FORCE XPLASH|Xplash colonia 120ml|||ésika
95099|1|+ PERFUME D'ORSAY|D´orsay Cologne Atomiseur 100ml|||ésika
95099|2|+ COLONIA COMANDO FORCE AROMAX|Comando Force Aromax colonia 120ml|||ésika
95072|1|+ PERFUME IN LOVE|In love Eau De Parfum 50ml|||cy°zone
95072|2|+ COLONIA COMANDO FORCE XPLASH|Xplash colonia 120ml|||ésika
95251|1|+ 2 BALSAMO HIDRATANTE ULTRA BALM TONO ROSE PARADISE|Ba?lsamo Hidratante Protector para Labios FPS 20. 4 g e .14 oz.|||L'BEL
95228|1|+ 2 LABIALES EN BARRA ROUGE L'INTENSE TONO VIN INTENSE|Labial líquido que le da a tus labios un color Intenso y textura aterciopelada. 7 g e .24 oz.|||L'BEL
95264|1|+ PERFUME MAGNAT SELECT|Magnat Select Cologne Atomiseur 90ml. Maderosa activa|||ésika
95264|2|+ MÁSCARA 5 EN 1 ESIKA PRO 8.5GR/ 29 OZ.|La máscara 5 en 1 repara las cutículas y acondiciona las pestañas gracias a sus óleos naturales.|||ésika
95264|3|+ BOLSA DE REGALO LBEL|Bolsa de regalo L'Bel (imagen referencial) |||L'BEL
95281|1|+ 2 LABIALES INFINI LIQUIDO|Lápiz labial de larga duración en un envase de lujo. 2g e. 07 oz|||L'BEL
04287|1|+ 2 PERFUMES LIASSON|Liasson Eau De Parfum pour femme 50ml|||L'BEL
95295|1|+ 2 ULTRA PRÊCIS DELINEADORES LÍQUIDO TONO NEGRO|Delineador Líquido ultra Preciso 1ml|||L'BEL
95294|1|+ 3 DESODORANTES DRY 48 HORAS|Dry effect 48 desodorante antitranspirante spray 48 horas de acción 125ml|||L'BEL
95278|1|+ 2 PERFUMES SWEET BLACK|sweet black familia olfativa: dulce eau de parfum 50 ml / 1.6 fl. oz. |||cy°zone
95292|1|+ L'GRAND PERFUM|Parfum Principal 40 ml. Notas de Champagne y flor de Loto |||L'BEL
95292|2|+ ELIXIR SEDUISCENT|Elixir de 5 ml de notas florales y dulces para un estilo moderno y elegante. Se puede usar solo o combinándolo con el Parfum Principal.|||L'BEL
95292|3|+ LABIAL EN BARRA COLORFIX TONO PIMIENTA CALIENTE|Suavidad labial de máxima duración 2 g|||ésika
95292|4|+ GRATIS: PERFUME EXPRESSION|Expression Eau De Parfum Atomiseur 50ml|||ésika
95291|1|+ L'GRAND PERFUM|Parfum Principal 40 ml. Notas de Champagne y flor de Loto |||L'BEL
95291|2|+ ELIXIR LUMISCENT|Elixir de 5 ml con aromas de orquidea Diamante. resaltando la sensualidad. Se puede usar solo o combinándolo con el Parfum Principal.|||L'BEL
95291|3|+ LABIAL EN BARRA COLORFIX TONO PIMIENTA CALIENTE|Suavidad labial de máxima duración 2 g|||ésika
95291|4|+ GRATIS: PERFUME EXPRESSION|Expression Eau De Parfum Atomiseur 50ml|||ésika
95408|1|+  PROBADOR KALOS SPORT|Probador Kalos Sport 4.5 ML|||ésika
95408|2|+  PROBADOR D'ORSAY|Probador D'orsay 4.5 ML|||ésika
95408|4|+ 2 PROBADORES ILUMINAS CELEBRATION|Probador Iluminas Celebration 2 ML|||ésika
95408|3|+  PROBADOR MAGNAT SELECT|Probador Magnat Select 2 ML|||ésika
95409|1|+  PROBADOR KALOS SPORT|Probador Kalos Sport 4.5 ML|||ésika
95409|2|+  PROBADOR MAGNAT|Probador Magnat 4.5 ML|||ésika
95409|3|+  PROBADOR H BLACK|Probador H Black 2 ML|||cy°zone
95409|4|+  PROBADOR HOMME 033 VIVRÉ|Probador Homme 033 Vivré 2 ML|||L'Bel
95409|5|+  PROBADOR LIASSON TEMPS|Probador Liasson Temps 2 ML|||L'Bel
95409|6|+ 2  BOLSA DE REGALO| Bolsa de Regalo  (imagen referencial) |||ésika
